stadiumname,swapcrowdplacement,stadiumid,teamid,forcedhome
Emirates Stadium,0,156,1,0
Villa Park,0,115,2,0
FUT Stadium Tier 1,0,445,3,1
FUT Stadium Tier 1,0,445,4,1
Stamford Bridge,0,28,5,0
Goodison Park,0,265,7,0
FUT Stadium Tier 1,0,445,8,1
Anfield,0,13,9,0
Etihad Stadium,0,246,10,0
Old Trafford,0,1,11,0
Riverside Stadium,0,349,12,0
St. James' Park,0,100,13,0
FUT Stadium Tier 1,0,445,14,1
Loftus Road,0,337,15,0
St. Mary's Stadium,0,113,17,0
Tottenham Hotspur Stadium,0,409,18,0
London Stadium,0,355,19,0
FUT Stadium Tier 1,0,445,21,1
Signal Iduna Park,0,9,22,0
BORUSSIA-PARK,0,343,23,0
FUT Stadium Tier 1,0,445,25,1
FUT Stadium Tier 1,0,445,27,1
Volksparkstadion,0,41,28,0
FUT Stadium Tier 1,0,445,29,1
RheinEnergieStadion,0,423,31,0
BayArena,0,12,32,0
FUT Stadium Tier 1,0,445,33,1
VELTINS-Arena,0,30,34,0
MHPArena,0,418,36,0
wohninvest Weserstadion,0,413,38,0
San Siro,1,5,44,0
Allianz Stadium,0,247,45,0
San Siro,0,5,47,0
FUT Stadium Tier 1,0,445,50,1
FUT Stadium Tier 1,0,445,54,1
FUT Stadium Tier 1,0,445,55,1
FUT Stadium Tier 1,0,445,57,1
FUT Stadium Tier 1,0,445,58,0
FUT Stadium Tier 1,0,445,59,1
FUT Stadium Tier 1,0,445,62,1
FUT Stadium Tier 1,0,445,64,1
FUT Stadium Tier 1,0,445,65,1
Groupama Stadium,0,426,66,0
FUT Stadium Tier 1,0,445,68,1
FUT Stadium Tier 1,0,445,69,1
FUT Stadium Tier 1,0,445,70,1
FUT Stadium Tier 1,0,445,71,1
FUT Stadium Tier 1,0,445,72,1
Parc des Princes,0,14,73,0
FUT Stadium Tier 1,0,445,74,1
FUT Stadium Tier 1,0,445,76,1
FUT Stadium Tier 1,0,445,77,1
FUT Stadium Tier 1,0,445,78,1
FUT Stadium Tier 1,0,445,80,1
FUT Stadium Tier 1,0,445,81,1
FUT Stadium Tier 1,0,445,82,1
FUT Stadium Tier 1,0,445,83,1
FUT Stadium Tier 1,0,445,86,1
FUT Stadium Tier 1,0,445,88,1
FUT Stadium Tier 1,0,445,89,1
FUT Stadium Tier 1,0,445,91,1
FUT Stadium Tier 1,0,445,92,1
FUT Stadium Tier 1,0,445,94,1
King Power Stadium,0,335,95,0
FUT Stadium Tier 1,0,445,97,1
Stadium of Light,0,326,106,0
The Hawthorns,0,327,109,0
Molineux Stadium,0,415,110,0
FUT Stadium Tier 1,0,445,121,1
FUT Stadium Tier 1,0,445,127,1
FUT Stadium Tier 1,0,445,142,1
FUT Stadium Tier 1,0,445,143,1
Craven Cottage,0,328,144,0
FUT Stadium Tier 1,0,445,149,1
FUT Stadium Tier 1,0,445,159,1
FUT Stadium Tier 1,0,445,160,1
FUT Stadium Tier 1,0,445,165,1
Olympiastadion,0,135,166,0
MEWA ARENA,0,414,169,0
Max-Morlock-Stadion,0,422,171,0
FUT Stadium Tier 1,0,445,172,1
Volkswagen Arena,0,406,175,0
FUT Stadium Tier 1,0,445,180,0
FUT Stadium Tier 1,0,445,189,1
FUT Stadium Tier 1,0,445,191,1
FUT Stadium Tier 1,0,445,205,0
FUT Stadium Tier 1,0,445,206,1
FUT Stadium Tier 1,0,445,209,1
FUT Stadium Tier 1,0,445,210,1
FUT Stadium Tier 1,0,445,211,1
FUT Stadium Tier 1,0,445,217,1
Orange Vélodrome,0,29,219,0
FUT Stadium Tier 1,0,445,229,1
FUT Stadium Tier 1,0,445,230,1
FUT Stadium Tier 1,0,445,231,1
FUT Stadium Tier 1,0,445,232,1
FUT Stadium Tier 1,0,445,234,1
FUT Stadium Tier 1,0,445,236,1
FUT Stadium Tier 1,0,445,237,1
Cívitas METROPOLITANO,0,364,240,0
FUT Stadium Tier 1,0,445,241,1
Estadio Santiago Bernabéu,0,2,243,0
FUT Stadium Tier 1,0,445,244,1
Johan Cruijff ArenA,0,15,245,0
FUT Stadium Tier 1,0,445,246,1
FUT Stadium Tier 1,0,445,247,1
FUT Stadium Tier 1,0,445,252,1
FUT Stadium Tier 1,0,445,254,1
FUT Stadium Tier 1,0,445,256,1
FUT Stadium Tier 1,0,445,260,1
FUT Stadium Tier 1,0,445,263,0
FUT Stadium Tier 1,0,445,266,1
FUT Stadium Tier 1,0,445,267,1
FUT Stadium Tier 1,0,445,269,1
FUT Stadium Tier 1,0,445,270,1
FUT Stadium Tier 1,0,445,271,1
FUT Stadium Tier 1,0,445,272,1
FUT Stadium Tier 1,0,445,278,1
FUT Stadium Tier 1,0,445,294,1
FUT Stadium Tier 1,0,445,298,1
FUT Stadium Tier 1,0,445,299,0
FUT Stadium Tier 1,0,445,300,1
FUT Stadium Tier 1,0,445,301,0
FUT Stadium Tier 1,0,445,305,1
FUT Stadium Tier 1,0,445,306,1
FUT Stadium Tier 1,0,445,308,1
FUT Stadium Tier 1,0,445,310,0
FUT Stadium Tier 1,0,445,319,1
FUT Stadium Tier 1,0,445,320,1
FUT Stadium Tier 1,0,445,321,0
FUT Stadium Tier 1,0,445,322,0
FUT Stadium Tier 1,0,445,324,1
FUT Stadium Tier 1,0,445,325,1
FUT Stadium Tier 1,0,445,326,1
FUT Stadium Tier 1,0,445,327,1
FUT Stadium Tier 1,0,445,347,1
FUT Stadium Tier 1,0,445,357,1
FUT Stadium Tier 1,0,445,361,1
FUT Stadium Tier 1,0,445,378,1
FUT Stadium Tier 1,0,445,379,1
FUT Stadium Tier 1,0,445,381,0
FUT Stadium Tier 1,0,445,383,1
FUT Stadium Tier 1,0,445,393,1
FUT Stadium Tier 1,0,445,417,1
FUT Stadium Tier 1,0,445,418,0
FUT Stadium Tier 1,0,445,420,1
FUT Stadium Tier 1,0,445,422,1
FUT Stadium Tier 1,0,445,423,1
FUT Stadium Tier 1,0,445,433,1
FUT Stadium Tier 1,0,445,436,1
FUT Stadium Tier 1,0,445,445,1
Estadio San Mamés,0,388,448,0
Estadio Benito Villamarín,0,392,449,0
Estadio ABANCA-Balaídos,0,394,450,0
Stage Front Stadium,0,393,452,0
FUT Stadium Tier 1,0,445,453,1
FUT Stadium Tier 1,0,445,456,1
Reale Arena,0,397,457,0
FUT Stadium Tier 1,0,445,459,1
Estadio Mestalla,0,10,461,0
Estadio José Zorrilla,0,427,462,0
Estadio de Mendizorroza,0,399,463,0
Municipal de Ipurua,0,395,467,0
FUT Stadium Tier 1,0,445,468,1
Estadio de Gran Canaria,0,391,472,0
FUT Stadium Tier 1,0,445,479,1
Estadio de Vallecas,0,429,480,0
Ramón Sánchez-Pizjuán,0,389,481,0
Estadio de la Cerámica,0,386,483,0
Heinz von Heiden-Arena,0,417,485,0
FUT Stadium Tier 1,0,445,487,1
FUT Stadium Tier 1,0,445,489,0
FUT Stadium Tier 1,0,445,492,1
FUT Stadium Tier 1,0,445,503,1
FUT Stadium Tier 1,0,445,506,1
FUT Stadium Tier 1,0,445,517,1
FUT Stadium Tier 1,0,445,518,0
FUT Stadium Tier 1,0,445,523,0
FUT Stadium Tier 1,0,445,526,0
FUT Stadium Tier 1,0,445,531,1
FUT Stadium Tier 1,0,445,543,1
FUT Stadium Tier 1,0,445,561,1
FUT Stadium Tier 1,0,445,563,1
FUT Stadium Tier 1,0,445,567,1
FUT Stadium Tier 1,0,445,570,0
FUT Stadium Tier 1,0,445,576,1
FUT Stadium Tier 1,0,445,580,0
FUT Stadium Tier 1,0,445,598,1
King Fahd Stadium,0,262,605,0
King Abdullah Sports City,1,345,607,0
FUT Stadium Tier 1,0,445,614,1
FUT Stadium Tier 1,0,445,621,1
FUT Stadium Tier 1,0,445,631,1
FUT Stadium Tier 1,0,445,634,1
FUT Stadium Tier 1,0,445,645,0
FUT Stadium Tier 1,0,445,670,1
FUT Stadium Tier 1,0,445,673,1
FUT Stadium Tier 1,0,445,674,1
FUT Stadium Tier 1,0,445,680,1
FUT Stadium Tier 1,0,445,681,0
FUT Stadium Tier 1,0,445,687,1
FUT Stadium Tier 1,0,445,688,1
Red Bull Arena (New Jersey),0,430,689,0
FUT Stadium Tier 1,0,445,691,1
FUT Stadium Tier 1,0,445,693,1
FUT Stadium Tier 1,0,445,694,1
FUT Stadium Tier 1,0,445,695,1
FUT Stadium Tier 1,0,445,696,1
Dignity Health Sports Park,0,161,697,0
FUT Stadium Tier 1,0,445,698,1
FUT Stadium Tier 1,0,445,700,1
FUT Stadium Tier 1,0,445,702,1
FUT Stadium Tier 1,0,445,708,1
FUT Stadium Tier 1,0,445,710,1
FUT Stadium Tier 1,0,445,711,1
FUT Stadium Tier 1,0,445,718,0
FUT Stadium Tier 1,0,445,741,1
FUT Stadium Tier 1,0,445,744,1
FUT Stadium Tier 1,0,445,746,0
FUT Stadium Tier 1,0,445,748,0
FUT Stadium Tier 1,0,445,781,0
FUT Stadium Tier 1,0,445,819,1
FUT Stadium Tier 1,0,445,822,0
FUT Stadium Tier 1,0,445,834,1
FUT Stadium Tier 1,0,445,837,1
FUT Stadium Tier 1,0,445,873,1
FUT Stadium Tier 1,0,445,874,0
FUT Stadium Tier 1,0,445,894,1
FUT Stadium Tier 1,0,445,896,1
FUT Stadium Tier 1,0,445,897,1
FUT Stadium Tier 1,0,445,898,1
FUT Stadium Tier 1,0,445,900,1
FUT Stadium Tier 1,0,445,917,1
FUT Stadium Tier 1,0,445,918,1
FUT Stadium Tier 1,0,445,919,1
FUT Stadium Tier 1,0,445,920,1
FUT Stadium Tier 1,0,445,922,1
FUT Stadium Tier 1,0,445,980,0
FUT Stadium Tier 1,0,445,982,1
FUT Stadium Tier 1,0,445,983,1
FUT Stadium Tier 1,0,445,1013,1
FUT Stadium Tier 1,0,445,1035,1
FUT Stadium Tier 1,0,445,1039,1
FUT Stadium Tier 1,0,445,1041,0
FUT Stadium Tier 1,0,445,1043,1
FUT Stadium Tier 1,0,445,1048,1
FUT Stadium Tier 1,0,445,1053,1
Wembley Stadium,0,155,1318,0
FUT Stadium Tier 1,0,445,1325,1
FUT Stadium Tier 1,0,445,1328,0
FUT Stadium Tier 1,0,445,1330,1
FUT Stadium Tier 1,0,445,1331,1
FUT Stadium Tier 1,0,445,1334,1
Orange Vélodrome,0,29,1335,0
Red Bull Arena (Leipzig),0,420,1337,0
FUT Stadium Tier 1,0,445,1341,1
FUT Stadium Tier 1,0,445,1343,0
FUT Stadium Tier 1,0,445,1352,1
FUT Stadium Tier 1,0,445,1353,1
FUT Stadium Tier 1,0,445,1354,1
FUT Stadium Tier 1,0,445,1355,1
FUT Stadium Tier 1,0,445,1356,1
FUT Stadium Tier 1,0,445,1359,1
Cívitas METROPOLITANO,0,364,1362,0
FUT Stadium Tier 1,0,445,1363,1
FUT Stadium Tier 1,0,445,1366,0
Cardiff City Stadium,0,334,1367,0
La Bombonera,0,264,1369,0
FUT Stadium Tier 1,0,445,1386,0
Dignity Health Sports Park,0,161,1387,0
FUT Stadium Tier 1,0,445,1439,1
FUT Stadium Tier 1,0,445,1443,0
FUT Stadium Tier 1,0,445,1456,1
FUT Stadium Tier 1,0,445,1463,1
FUT Stadium Tier 1,0,445,1473,1
FUT Stadium Tier 1,0,445,1474,1
FUT Stadium Tier 1,0,445,1477,1
FUT Stadium Tier 1,0,445,1478,0
FUT Stadium Tier 1,0,445,1480,1
FUT Stadium Tier 1,0,445,1516,1
FUT Stadium Tier 1,0,445,1530,1
FUT Stadium Tier 1,0,445,1572,0
FUT Stadium Tier 1,0,445,1704,0
FUT Stadium Tier 1,0,445,1713,0
FUT Stadium Tier 1,0,445,1738,1
FUT Stadium Tier 1,0,445,1744,0
FUT Stadium Tier 1,0,445,1745,0
FUT Stadium Tier 1,0,445,1746,1
FUT Stadium Tier 1,0,445,1750,1
FUT Stadium Tier 1,0,445,1755,1
FUT Stadium Tier 1,0,445,1756,0
FUT Stadium Tier 1,0,445,1757,1
FUT Stadium Tier 1,0,445,1786,1
FUT Stadium Tier 1,0,445,1787,0
FUT Stadium Tier 1,0,445,1788,1
Fratton Park,0,112,1790,0
Carrow Road,0,329,1792,0
FUT Stadium Tier 1,0,445,1793,1
Bramall Lane,0,433,1794,0
Vicarage Road,0,347,1795,0
Turf Moor,0,336,1796,0
FUT Stadium Tier 1,0,445,1797,1
FUT Stadium Tier 1,0,445,1798,1
Selhurst Park,0,330,1799,0
FUT Stadium Tier 1,0,445,1800,1
FUT Stadium Tier 1,0,445,1801,1
FUT Stadium Tier 1,0,445,1802,1
FUT Stadium Tier 1,0,445,1803,1
FUT Stadium Tier 1,0,445,1804,1
FUT Stadium Tier 1,0,445,1805,1
Stoke City FC Stadium,0,331,1806,0
FUT Stadium Tier 1,0,445,1807,1
American Express Stadium,0,340,1808,0
FUT Stadium Tier 1,0,445,1809,1
FUT Stadium Tier 1,0,445,1814,0
FUT Stadium Tier 1,0,445,1815,1
FUT Stadium Tier 1,0,445,1816,1
FUT Stadium Tier 1,0,445,1819,1
Deutsche Bank Park,0,416,1824,0
FUT Stadium Tier 1,0,445,1825,1
FUT Stadium Tier 1,0,445,1829,0
Stadion An der Alten Försterei,0,438,1831,0
FUT Stadium Tier 1,0,445,1832,1
FUT Stadium Tier 1,0,445,1837,1
FUT Stadium Tier 1,0,445,1842,1
FUT Stadium Tier 1,0,445,1843,0
FUT Stadium Tier 1,0,445,1846,0
FUT Stadium Tier 1,0,445,1847,0
FUT Stadium Tier 1,0,445,1848,0
Estadio Ciutat de València,0,396,1853,0
FUT Stadium Tier 1,0,445,1854,1
Coliseum,0,390,1860,0
FUT Stadium Tier 1,0,445,1861,1
FUT Stadium Tier 1,0,445,1862,0
FUT Stadium Tier 1,0,445,1871,1
FUT Stadium Tier 1,0,445,1874,0
FUT Stadium Tier 1,0,445,1876,0
La Bombonera,0,264,1877,0
FUT Stadium Tier 1,0,445,1884,1
FUT Stadium Tier 1,0,445,1886,1
FUT Stadium Tier 1,0,445,1887,1
FUT Stadium Tier 1,0,445,1888,1
FUT Stadium Tier 1,0,445,1896,1
FUT Stadium Tier 1,0,445,1898,1
FUT Stadium Tier 1,0,445,1900,1
FUT Stadium Tier 1,0,445,1903,1
FUT Stadium Tier 1,0,445,1905,1
FUT Stadium Tier 1,0,445,1906,1
FUT Stadium Tier 1,0,445,1908,1
FUT Stadium Tier 1,0,445,1909,1
FUT Stadium Tier 1,0,445,1910,0
FUT Stadium Tier 1,0,445,1913,1
FUT Stadium Tier 1,0,445,1914,1
FUT Stadium Tier 1,0,445,1917,1
FUT Stadium Tier 1,0,445,1919,1
FUT Stadium Tier 1,0,445,1923,1
FUT Stadium Tier 1,0,445,1925,1
FUT Stadium Tier 1,0,445,1926,1
FUT Stadium Tier 1,0,445,1928,1
FUT Stadium Tier 1,0,445,1929,1
FUT Stadium Tier 1,0,445,1930,1
FUT Stadium Tier 1,0,445,1931,0
FUT Stadium Tier 1,0,445,1932,1
FUT Stadium Tier 1,0,445,1933,1
FUT Stadium Tier 1,0,445,1934,1
FUT Stadium Tier 1,0,445,1935,1
FUT Stadium Tier 1,0,445,1936,1
FUT Stadium Tier 1,0,445,1937,0
FUT Stadium Tier 1,0,445,1938,1
Kirklees Stadium,0,384,1939,0
FUT Stadium Tier 1,0,445,1940,1
Vitality Stadium,0,348,1943,0
FUT Stadium Tier 1,0,445,1944,1
FUT Stadium Tier 1,0,445,1947,0
FUT Stadium Tier 1,0,445,1951,1
MKM Stadium,0,332,1952,0
FUT Stadium Tier 1,0,445,1958,1
Swansea.com Stadium,0,333,1960,0
Cardiff City Stadium,0,334,1961,0
FUT Stadium Tier 1,0,445,1962,1
FUT Stadium Tier 1,0,445,1968,1
FUT Stadium Tier 1,0,445,1971,0
FUT Stadium Tier 1,0,445,2002,0
FUT Stadium Tier 1,0,445,2013,1
FUT Stadium Tier 1,0,445,2014,0
FUT Stadium Tier 1,0,445,2017,1
FUT Stadium Tier 1,0,445,2056,1
FUT Stadium Tier 1,0,445,2500,0
FUT Stadium Tier 1,0,445,2501,0
FUT Stadium Tier 1,0,445,2502,0
FUT Stadium Tier 1,0,445,2503,0
FUT Stadium Tier 1,0,445,2504,0
FUT Stadium Tier 1,0,445,2505,0
FUT Stadium Tier 1,0,445,2506,0
FUT Stadium Tier 1,0,445,2507,0
FUT Stadium Tier 1,0,445,2508,0
FUT Stadium Tier 1,0,445,2509,0
FUT Stadium Tier 1,0,445,2510,0
FUT Stadium Tier 1,0,445,8001,0
FUT Stadium Tier 1,0,445,10020,0
PreZero Arena,0,407,10029,0
FUT Stadium Tier 1,0,445,10030,1
FUT Stadium Tier 1,0,445,10031,1
FUT Stadium Tier 1,0,445,10032,1
FUT Stadium Tier 1,0,445,10846,0
FUT Stadium Tier 1,0,445,15001,1
FUT Stadium Tier 1,0,445,15009,1
FUT Stadium Tier 1,0,445,15015,1
FUT Stadium Tier 1,0,445,15040,1
FUT Stadium Tier 1,0,445,15048,1
FUT Stadium Tier 1,0,445,100081,1
FUT Stadium Tier 1,0,445,100087,0
FUT Stadium Tier 1,0,445,100135,0
FUT Stadium Tier 1,0,445,100325,1
WWK Arena,0,412,100409,0
FUT Stadium Tier 1,0,445,100632,0
FUT Stadium Tier 1,0,445,100634,1
FUT Stadium Tier 1,0,445,100646,1
FUT Stadium Tier 1,0,445,100757,1
FUT Stadium Tier 1,0,445,100761,1
FUT Stadium Tier 1,0,445,100804,1
FUT Stadium Tier 1,0,445,100805,1
FUT Stadium Tier 1,0,445,100831,1
FUT Stadium Tier 1,0,445,100851,0
Municipal de Butarque,0,398,100888,0
FUT Stadium Tier 1,0,445,101007,1
FUT Stadium Tier 1,0,445,101014,1
FUT Stadium Tier 1,0,445,101016,0
FUT Stadium Tier 1,0,445,101020,1
FUT Stadium Tier 1,0,445,101028,0
FUT Stadium Tier 1,0,445,101033,1
FUT Stadium Tier 1,0,445,101037,1
FUT Stadium Tier 1,0,445,101041,1
FUT Stadium Tier 1,0,445,101047,1
Donbass Arena,0,260,101059,0
FUT Stadium Tier 1,0,445,101083,1
FUT Stadium Tier 1,0,445,101084,1
Estadio Presidente Perón,0,441,101085,0
FUT Stadium Tier 1,0,445,101088,1
FUT Stadium Tier 1,0,445,101097,1
FUT Stadium Tier 1,0,445,101100,1
FUT Stadium Tier 1,0,445,101101,1
FUT Stadium Tier 1,0,445,101103,1
FUT Stadium Tier 1,0,445,101104,0
FUT Stadium Tier 1,0,445,101105,1
FUT Stadium Tier 1,0,445,101108,1
FUT Stadium Tier 1,0,445,101109,0
FUT Stadium Tier 1,0,445,101110,1
BC Place,0,248,101112,0
Johan Cruijff ArenA,0,15,105035,0
Estadio de Montilivi,0,400,110062,0
FUT Stadium Tier 1,0,445,110069,1
FUT Stadium Tier 1,0,445,110072,0
FUT Stadium Tier 1,0,445,110075,0
FUT Stadium Tier 1,0,445,110078,0
FUT Stadium Tier 1,0,445,110081,1
Estadio Libertadores de América,0,442,110093,0
FUT Stadium Tier 1,0,445,110176,0
FUT Stadium Tier 1,0,445,110178,1
FUT Stadium Tier 1,0,445,110242,0
FUT Stadium Tier 1,0,445,110313,1
FUT Stadium Tier 1,0,445,110321,0
FUT Stadium Tier 1,0,445,110329,1
FUT Stadium Tier 1,0,445,110373,0
FUT Stadium Tier 1,0,445,110374,1
FUT Stadium Tier 1,0,445,110394,1
FUT Stadium Tier 1,0,445,110395,1
FUT Stadium Tier 1,0,445,110396,1
FUT Stadium Tier 1,0,445,110404,1
FUT Stadium Tier 1,0,445,110406,1
FUT Stadium Tier 1,0,445,110456,1
FUT Stadium Tier 1,0,445,110468,1
FUT Stadium Tier 1,0,445,110482,1
FUT Stadium Tier 1,0,445,110500,1
FUT Stadium Tier 1,0,445,110501,0
FUT Stadium Tier 1,0,445,110502,1
FUT Stadium Tier 1,0,445,110532,1
FUT Stadium Tier 1,0,445,110556,1
FUT Stadium Tier 1,0,445,110580,1
FUT Stadium Tier 1,0,445,110588,1
Düsseldorf-Arena,0,419,110636,0
FUT Stadium Tier 1,0,445,110645,1
FUT Stadium Tier 1,0,445,110676,0
FUT Stadium Tier 1,0,445,110691,0
FUT Stadium Tier 1,0,445,110720,0
FUT Stadium Tier 1,0,445,110724,1
FUT Stadium Tier 1,0,445,110738,0
FUT Stadium Tier 1,0,445,110740,0
FUT Stadium Tier 1,0,445,110745,1
FUT Stadium Tier 1,0,445,110746,1
FUT Stadium Tier 1,0,445,110747,1
FUT Stadium Tier 1,0,445,110749,1
FUT Stadium Tier 1,0,445,110750,0
FUT Stadium Tier 1,0,445,110751,0
FUT Stadium Tier 1,0,445,110752,1
FUT Stadium Tier 1,0,445,110765,1
FUT Stadium Tier 1,0,445,110776,1
FUT Stadium Tier 1,0,445,110799,0
FUT Stadium Tier 1,0,445,110815,1
FUT Stadium Tier 1,0,445,110827,1
FUT Stadium Tier 1,0,445,110832,1
El Alcoraz,0,428,110839,0
FUT Stadium Tier 1,0,445,110890,1
Estadio de la Cerámica,0,386,110902,0
FUT Stadium Tier 1,0,445,110908,0
FUT Stadium Tier 1,0,445,110953,0
FUT Stadium Tier 1,0,445,110955,1
FUT Stadium Tier 1,0,445,110967,1
FUT Stadium Tier 1,0,445,110968,1
FUT Stadium Tier 1,0,445,110969,0
FUT Stadium Tier 1,0,445,110970,1
FUT Stadium Tier 1,0,445,110975,1
FUT Stadium Tier 1,0,445,110978,0
FUT Stadium Tier 1,0,445,110980,1
FUT Stadium Tier 1,0,445,110981,1
FUT Stadium Tier 1,0,445,110982,0
FUT Stadium Tier 1,0,445,110984,1
FUT Stadium Tier 1,0,445,110986,1
FUT Stadium Tier 1,0,445,110987,1
FUT Stadium Tier 1,0,445,110989,1
FUT Stadium Tier 1,0,445,110990,0
FUT Stadium Tier 1,0,445,110993,0
FUT Stadium Tier 1,0,445,110998,0
FUT Stadium Tier 1,0,445,111004,0
FUT Stadium Tier 1,0,445,111008,1
FUT Stadium Tier 1,0,445,111010,1
FUT Stadium Tier 1,0,445,111011,0
FUT Stadium Tier 1,0,445,111013,0
FUT Stadium Tier 1,0,445,111014,0
FUT Stadium Tier 1,0,445,111019,1
FUT Stadium Tier 1,0,445,111022,0
FUT Stadium Tier 1,0,445,111042,1
FUT Stadium Tier 1,0,445,111052,1
FUT Stadium Tier 1,0,445,111065,1
FUT Stadium Tier 1,0,445,111083,1
FUT Stadium Tier 1,0,445,111085,1
FUT Stadium Tier 1,0,445,111086,1
FUT Stadium Tier 1,0,445,111088,0
FUT Stadium Tier 1,0,445,111092,1
FUT Stadium Tier 1,0,445,111111,0
FUT Stadium Tier 1,0,445,111117,0
FUT Stadium Tier 1,0,445,111132,0
FUT Stadium Tier 1,0,445,111138,1
FUT Stadium Tier 1,0,445,111139,1
Providence Park,0,435,111140,0
Lumen Field,0,341,111144,0
FUT Stadium Tier 1,0,445,111235,1
FUT Stadium Tier 1,0,445,111239,1
FUT Stadium Tier 1,0,445,111276,0
FUT Stadium Tier 1,0,445,111325,1
FUT Stadium Tier 1,0,445,111326,1
FUT Stadium Tier 1,0,445,111328,0
FUT Stadium Tier 1,0,445,111329,1
FUT Stadium Tier 1,0,445,111332,1
FUT Stadium Tier 1,0,445,111334,1
FUT Stadium Tier 1,0,445,111339,1
FUT Stadium Tier 1,0,445,111380,0
FUT Stadium Tier 1,0,445,111393,1
FUT Stadium Tier 1,0,445,111395,1
FUT Stadium Tier 1,0,445,111396,1
FUT Stadium Tier 1,0,445,111397,1
FUT Stadium Tier 1,0,445,111398,1
FUT Stadium Tier 1,0,445,111399,1
FUT Stadium Tier 1,0,445,111400,1
FUT Stadium Tier 1,0,445,111434,0
FUT Stadium Tier 1,0,445,111462,0
FUT Stadium Tier 1,0,445,111473,1
FUT Stadium Tier 1,0,445,111527,0
FUT Stadium Tier 1,0,445,111539,0
FUT Stadium Tier 1,0,445,111629,0
FUT Stadium Tier 1,0,445,111651,1
FUT Stadium Tier 1,0,445,111657,0
FUT Stadium Tier 1,0,445,111659,1
FUT Stadium Tier 1,0,445,111674,1
FUT Stadium Tier 1,0,445,111701,1
FUT Stadium Tier 1,0,445,111705,0
FUT Stadium Tier 1,0,445,111706,1
FUT Stadium Tier 1,0,445,111708,1
FUT Stadium Tier 1,0,445,111710,1
FUT Stadium Tier 1,0,445,111711,1
FUT Stadium Tier 1,0,445,111715,1
FUT Stadium Tier 1,0,445,111716,1
FUT Stadium Tier 1,0,445,111722,0
FUT Stadium Tier 1,0,445,111724,1
FUT Stadium Tier 1,0,445,111766,1
FUT Stadium Tier 1,0,445,111768,1
FUT Stadium Tier 1,0,445,111769,0
FUT Stadium Tier 1,0,445,111773,1
FUT Stadium Tier 1,0,445,111774,1
FUT Stadium Tier 1,0,445,111779,1
FUT Stadium Tier 1,0,445,111811,0
FUT Stadium Tier 1,0,445,111817,1
FUT Stadium Tier 1,0,445,111822,1
FUT Stadium Tier 1,0,445,111928,1
FUT Stadium Tier 1,0,445,111974,1
FUT Stadium Tier 1,0,445,111993,0
FUT Stadium Tier 1,0,445,112001,0
FUT Stadium Tier 1,0,445,112072,1
FUT Stadium Tier 1,0,445,112096,1
FUT Stadium Tier 1,0,445,112115,1
FUT Stadium Tier 1,0,445,112126,0
FUT Stadium Tier 1,0,445,112134,1
FUT Stadium Tier 1,0,445,112139,0
FUT Stadium Tier 1,0,445,112163,0
FUT Stadium Tier 1,0,445,112168,0
Red Bull Arena (Leipzig),0,420,112172,0
FUT Stadium Tier 1,0,445,112184,1
FUT Stadium Tier 1,0,445,112199,1
FUT Stadium Tier 1,0,445,112222,0
FUT Stadium Tier 1,0,445,112224,1
FUT Stadium Tier 1,0,445,112254,1
FUT Stadium Tier 1,0,445,112258,1
FUT Stadium Tier 1,0,445,112259,1
FUT Stadium Tier 1,0,445,112260,1
FUT Stadium Tier 1,0,445,112264,0
FUT Stadium Tier 1,0,445,112378,1
King Abdullah Sports City,0,345,112387,0
FUT Stadium Tier 1,0,445,112390,1
FUT Stadium Tier 1,0,445,112392,1
FUT Stadium Tier 1,0,445,112393,1
FUT Stadium Tier 1,0,445,112408,1
FUT Stadium Tier 1,0,445,112427,1
FUT Stadium Tier 1,0,445,112472,0
FUT Stadium Tier 1,0,445,112494,0
FUT Stadium Tier 1,0,445,112499,0
FUT Stadium Tier 1,0,445,112511,0
FUT Stadium Tier 1,0,445,112513,0
FUT Stadium Tier 1,0,445,112540,1
FUT Stadium Tier 1,0,445,112552,0
FUT Stadium Tier 1,0,445,112558,0
FUT Stadium Tier 1,0,445,112572,0
FUT Stadium Tier 1,0,445,112578,0
FUT Stadium Tier 1,0,445,112585,0
FUT Stadium Tier 1,0,445,112606,1
FUT Stadium Tier 1,0,445,112658,1
FUT Stadium Tier 1,0,445,112670,1
FUT Stadium Tier 1,0,445,112689,0
FUT Stadium Tier 1,0,445,112707,0
FUT Stadium Tier 1,0,445,112713,0
FUT Stadium Tier 1,0,445,112716,0
FUT Stadium Tier 1,0,445,112744,0
FUT Stadium Tier 1,0,445,112809,1
FUT Stadium Tier 1,0,445,112828,1
FUT Stadium Tier 1,0,445,112883,0
Mercedes-Benz Stadium (Atlanta),0,402,112885,0
FUT Stadium Tier 1,0,445,112893,1
FUT Stadium Tier 1,0,445,112908,1
FUT Stadium Tier 1,0,445,112914,0
FUT Stadium Tier 1,0,445,112965,1
FUT Stadium Tier 1,0,445,112979,0
FUT Stadium Tier 1,0,445,112985,1
FUT Stadium Tier 1,0,445,112996,1
FUT Stadium Tier 1,0,445,113018,0
FUT Stadium Tier 1,0,445,113029,0
FUT Stadium Tier 1,0,445,113037,0
FUT Stadium Tier 1,0,445,113040,0
FUT Stadium Tier 1,0,445,113044,0
FUT Stadium Tier 1,0,445,113057,1
FUT Stadium Tier 1,0,445,113058,1
FUT Stadium Tier 1,0,445,113060,0
FUT Stadium Tier 1,0,445,113142,1
FUT Stadium Tier 1,0,445,113146,0
FUT Stadium Tier 1,0,445,113149,1
FUT Stadium Tier 1,0,445,113154,0
FUT Stadium Tier 1,0,445,113155,0
FUT Stadium Tier 1,0,445,113182,1
FUT Stadium Tier 1,0,445,113217,1
FUT Stadium Tier 1,0,445,113222,1
FUT Stadium Tier 1,0,445,113257,0
FUT Stadium Tier 1,0,445,113296,0
FUT Stadium Tier 1,0,445,113297,0
FUT Stadium Tier 1,0,445,113298,0
FUT Stadium Tier 1,0,445,113299,0
FUT Stadium Tier 1,0,445,113300,0
FUT Stadium Tier 1,0,445,113301,0
FUT Stadium Tier 1,0,445,113302,0
FUT Stadium Tier 1,0,445,113356,0
FUT Stadium Tier 1,0,445,113378,1
FUT Stadium Tier 1,0,445,113458,1
FUT Stadium Tier 1,0,445,113742,0
FUT Stadium Tier 1,0,445,113743,1
FUT Stadium Tier 1,0,445,113892,0
FUT Stadium Tier 1,0,445,113926,1
FUT Stadium Tier 1,0,445,113973,0
FUT Stadium Tier 1,0,445,113974,0
FUT Stadium Tier 1,0,445,114004,0
FUT Stadium Tier 1,0,445,114023,1
FUT Stadium Tier 1,0,445,114029,0
FUT Stadium Tier 1,0,445,114030,0
FUT Stadium Tier 1,0,445,114031,0
FUT Stadium Tier 1,0,445,114032,0
FUT Stadium Tier 1,0,445,114033,0
FUT Stadium Tier 1,0,445,114034,0
FUT Stadium Tier 1,0,445,114035,0
FUT Stadium Tier 1,0,445,114036,0
FUT Stadium Tier 1,0,445,114037,0
FUT Stadium Tier 1,0,445,114038,0
FUT Stadium Tier 1,0,445,114039,0
FUT Stadium Tier 1,0,445,114040,0
FUT Stadium Tier 1,0,445,114041,0
FUT Stadium Tier 1,0,445,114042,0
FUT Stadium Tier 1,0,445,114043,0
FUT Stadium Tier 1,0,445,114044,0
FUT Stadium Tier 1,0,445,114045,0
FUT Stadium Tier 1,0,445,114046,0
FUT Stadium Tier 1,0,445,114047,0
FUT Stadium Tier 1,0,445,114048,0
FUT Stadium Tier 1,0,445,114049,0
FUT Stadium Tier 1,0,445,114050,0
FUT Stadium Tier 1,0,445,114051,0
FUT Stadium Tier 1,0,445,114052,0
FUT Stadium Tier 1,0,445,114053,0
FUT Stadium Tier 1,0,445,114054,0
FUT Stadium Tier 1,0,445,114055,0
FUT Stadium Tier 1,0,445,114056,0
FUT Stadium Tier 1,0,445,114057,0
FUT Stadium Tier 1,0,445,114058,0
FUT Stadium Tier 1,0,445,114059,0
FUT Stadium Tier 1,0,445,114060,0
FUT Stadium Tier 1,0,445,114061,0
FUT Stadium Tier 1,0,445,114062,0
FUT Stadium Tier 1,0,445,114063,0
FUT Stadium Tier 1,0,445,114064,0
FUT Stadium Tier 1,0,445,114065,0
FUT Stadium Tier 1,0,445,114066,0
FUT Stadium Tier 1,0,445,114067,0
FUT Stadium Tier 1,0,445,114068,0
FUT Stadium Tier 1,0,445,114069,0
FUT Stadium Tier 1,0,445,114070,0
FUT Stadium Tier 1,0,445,114071,0
FUT Stadium Tier 1,0,445,114072,0
FUT Stadium Tier 1,0,445,114073,0
FUT Stadium Tier 1,0,445,114074,0
FUT Stadium Tier 1,0,445,114075,0
FUT Stadium Tier 1,0,445,114076,0
FUT Stadium Tier 1,0,445,114077,0
FUT Stadium Tier 1,0,445,114078,0
FUT Stadium Tier 1,0,445,114079,0
FUT Stadium Tier 1,0,445,114080,0
FUT Stadium Tier 1,0,445,114081,0
FUT Stadium Tier 1,0,445,114082,0
FUT Stadium Tier 1,0,445,114083,0
FUT Stadium Tier 1,0,445,114084,0
FUT Stadium Tier 1,0,445,114085,0
FUT Stadium Tier 1,0,445,114086,0
FUT Stadium Tier 1,0,445,114087,0
FUT Stadium Tier 1,0,445,114088,0
FUT Stadium Tier 1,0,445,114089,0
FUT Stadium Tier 1,0,445,114090,0
FUT Stadium Tier 1,0,445,114091,0
FUT Stadium Tier 1,0,445,114092,0
FUT Stadium Tier 1,0,445,114093,0
FUT Stadium Tier 1,0,445,114094,0
FUT Stadium Tier 1,0,445,114095,0
FUT Stadium Tier 1,0,445,114096,0
FUT Stadium Tier 1,0,445,114097,0
FUT Stadium Tier 1,0,445,114098,0
FUT Stadium Tier 1,0,445,114099,0
FUT Stadium Tier 1,0,445,114100,0
FUT Stadium Tier 1,0,445,114101,0
FUT Stadium Tier 1,0,445,114102,0
FUT Stadium Tier 1,0,445,114103,0
FUT Stadium Tier 1,0,445,114104,0
FUT Stadium Tier 1,0,445,114105,0
FUT Stadium Tier 1,0,445,114106,0
FUT Stadium Tier 1,0,445,114107,0
FUT Stadium Tier 1,0,445,114108,0
FUT Stadium Tier 1,0,445,114109,0
FUT Stadium Tier 1,0,445,114110,0
FUT Stadium Tier 1,0,445,114111,0
FUT Stadium Tier 1,0,445,114112,0
FUT Stadium Tier 1,0,445,114113,0
FUT Stadium Tier 1,0,445,114114,0
FUT Stadium Tier 1,0,445,114115,0
FUT Stadium Tier 1,0,445,114116,0
FUT Stadium Tier 1,0,445,114117,0
FUT Stadium Tier 1,0,445,114118,0
FUT Stadium Tier 1,0,445,114119,0
FUT Stadium Tier 1,0,445,114120,0
FUT Stadium Tier 1,0,445,114121,0
FUT Stadium Tier 1,0,445,114122,0
FUT Stadium Tier 1,0,445,114123,0
FUT Stadium Tier 1,0,445,114124,0
FUT Stadium Tier 1,0,445,114125,0
FUT Stadium Tier 1,0,445,114126,0
FUT Stadium Tier 1,0,445,114127,0
FUT Stadium Tier 1,0,445,114137,0
FUT Stadium Tier 1,0,445,114147,1
FUT Stadium Tier 1,0,445,114161,0
FUT Stadium Tier 1,0,445,114162,1
FUT Stadium Tier 1,0,445,114168,0
FUT Stadium Tier 1,0,445,114326,1
FUT Stadium Tier 1,0,445,114385,1
FUT Stadium Tier 1,0,445,114386,0
FUT Stadium Tier 1,0,445,114387,0
FUT Stadium Tier 1,0,445,114393,0
FUT Stadium Tier 1,0,445,114399,0
FUT Stadium Tier 1,0,445,114400,0
FUT Stadium Tier 1,0,445,114401,0
FUT Stadium Tier 1,0,445,114402,0
FUT Stadium Tier 1,0,445,114403,0
FUT Stadium Tier 1,0,445,114404,0
FUT Stadium Tier 1,0,445,114405,0
FUT Stadium Tier 1,0,445,114406,0
FUT Stadium Tier 1,0,445,114407,0
FUT Stadium Tier 1,0,445,114408,0
FUT Stadium Tier 1,0,445,114409,0
FUT Stadium Tier 1,0,445,114410,0
FUT Stadium Tier 1,0,445,114411,0
FUT Stadium Tier 1,0,445,114412,0
FUT Stadium Tier 1,0,445,114413,0
FUT Stadium Tier 1,0,445,114414,0
FUT Stadium Tier 1,0,445,114415,0
FUT Stadium Tier 1,0,445,114416,0
FUT Stadium Tier 1,0,445,114417,0
FUT Stadium Tier 1,0,445,114418,0
FUT Stadium Tier 1,0,445,114419,0
FUT Stadium Tier 1,0,445,114420,0
FUT Stadium Tier 1,0,445,114421,0
FUT Stadium Tier 1,0,445,114422,0
FUT Stadium Tier 1,0,445,114423,0
FUT Stadium Tier 1,0,445,114424,0
FUT Stadium Tier 1,0,445,114425,0
FUT Stadium Tier 1,0,445,114426,0
FUT Stadium Tier 1,0,445,114427,0
FUT Stadium Tier 1,0,445,114428,0
FUT Stadium Tier 1,0,445,114429,0
FUT Stadium Tier 1,0,445,114430,0
FUT Stadium Tier 1,0,445,114431,0
FUT Stadium Tier 1,0,445,114432,0
FUT Stadium Tier 1,0,445,114433,0
FUT Stadium Tier 1,0,445,114434,0
FUT Stadium Tier 1,0,445,114435,0
FUT Stadium Tier 1,0,445,114436,0
FUT Stadium Tier 1,0,445,114437,0
FUT Stadium Tier 1,0,445,114438,0
FUT Stadium Tier 1,0,445,114439,0
FUT Stadium Tier 1,0,445,114440,0
FUT Stadium Tier 1,0,445,114441,0
FUT Stadium Tier 1,0,445,114442,0
FUT Stadium Tier 1,0,445,114443,0
FUT Stadium Tier 1,0,445,114444,0
FUT Stadium Tier 1,0,445,114445,0
FUT Stadium Tier 1,0,445,114446,0
FUT Stadium Tier 1,0,445,114447,0
FUT Stadium Tier 1,0,445,114448,0
FUT Stadium Tier 1,0,445,114449,0
FUT Stadium Tier 1,0,445,114450,0
FUT Stadium Tier 1,0,445,114451,0
FUT Stadium Tier 1,0,445,114452,0
FUT Stadium Tier 1,0,445,114453,0
FUT Stadium Tier 1,0,445,114454,0
FUT Stadium Tier 1,0,445,114455,0
FUT Stadium Tier 1,0,445,114456,0
FUT Stadium Tier 1,0,445,114457,0
FUT Stadium Tier 1,0,445,114458,0
FUT Stadium Tier 1,0,445,114459,0
FUT Stadium Tier 1,0,445,114460,0
FUT Stadium Tier 1,0,445,114461,0
FUT Stadium Tier 1,0,445,114462,0
FUT Stadium Tier 1,0,445,114463,0
FUT Stadium Tier 1,0,445,114464,0
FUT Stadium Tier 1,0,445,114465,0
FUT Stadium Tier 1,0,445,114466,0
FUT Stadium Tier 1,0,445,114467,0
FUT Stadium Tier 1,0,445,114468,0
FUT Stadium Tier 1,0,445,114469,0
FUT Stadium Tier 1,0,445,114470,0
FUT Stadium Tier 1,0,445,114471,0
FUT Stadium Tier 1,0,445,114472,0
FUT Stadium Tier 1,0,445,114473,0
FUT Stadium Tier 1,0,445,114474,0
FUT Stadium Tier 1,0,445,114475,0
FUT Stadium Tier 1,0,445,114476,0
FUT Stadium Tier 1,0,445,114477,0
FUT Stadium Tier 1,0,445,114478,0
FUT Stadium Tier 1,0,445,114479,0
FUT Stadium Tier 1,0,445,114480,0
FUT Stadium Tier 1,0,445,114481,0
FUT Stadium Tier 1,0,445,114482,0
FUT Stadium Tier 1,0,445,114483,0
FUT Stadium Tier 1,0,445,114484,0
FUT Stadium Tier 1,0,445,114485,0
FUT Stadium Tier 1,0,445,114486,0
FUT Stadium Tier 1,0,445,114487,0
FUT Stadium Tier 1,0,445,114488,0
FUT Stadium Tier 1,0,445,114489,0
FUT Stadium Tier 1,0,445,114490,0
FUT Stadium Tier 1,0,445,114491,0
FUT Stadium Tier 1,0,445,114492,0
FUT Stadium Tier 1,0,445,114493,0
FUT Stadium Tier 1,0,445,114494,0
FUT Stadium Tier 1,0,445,114495,0
FUT Stadium Tier 1,0,445,114496,0
FUT Stadium Tier 1,0,445,114497,0
FUT Stadium Tier 1,0,445,114498,0
FUT Stadium Tier 1,0,445,114499,0
FUT Stadium Tier 1,0,445,114510,0
FUT Stadium Tier 1,0,445,114526,0
FUT Stadium Tier 1,0,445,114554,0
FUT Stadium Tier 1,0,445,114580,1
FUT Stadium Tier 1,0,445,114582,1
FUT Stadium Tier 1,0,445,114600,0
FUT Stadium Tier 1,0,445,114604,0
FUT Stadium Tier 1,0,445,114605,0
FUT Stadium Tier 1,0,445,114611,0
FUT Stadium Tier 1,0,445,114628,0
FUT Stadium Tier 1,0,445,114640,0
FUT Stadium Tier 1,0,445,114839,0
FUT Stadium Tier 1,0,445,114840,0
FUT Stadium Tier 1,0,445,114841,0
FUT Stadium Tier 1,0,445,114842,0
FUT Stadium Tier 1,0,445,114843,0
FUT Stadium Tier 1,0,445,114844,0
FUT Stadium Tier 1,0,445,114845,0
FUT Stadium Tier 1,0,445,114846,0
FUT Stadium Tier 1,0,445,114847,0
FUT Stadium Tier 1,0,445,114848,0
FUT Stadium Tier 1,0,445,114864,0
FUT Stadium Tier 1,0,445,114865,0
FUT Stadium Tier 1,0,445,114896,0
FUT Stadium Tier 1,0,445,114912,0
FUT Stadium Tier 1,0,445,114923,0
FUT Stadium Tier 1,0,445,114924,0
FUT Stadium Tier 1,0,445,114925,0
FUT Stadium Tier 1,0,445,114926,0
FUT Stadium Tier 1,0,445,114927,0
FUT Stadium Tier 1,0,445,114928,0
FUT Stadium Tier 1,0,445,114929,0
FUT Stadium Tier 1,0,445,114930,0
FUT Stadium Tier 1,0,445,114931,0
FUT Stadium Tier 1,0,445,114932,0
FUT Stadium Tier 1,0,445,114933,0
FUT Stadium Tier 1,0,445,114934,0
FUT Stadium Tier 1,0,445,114935,0
FUT Stadium Tier 1,0,445,114936,0
FUT Stadium Tier 1,0,445,114937,0
FUT Stadium Tier 1,0,445,114938,0
FUT Stadium Tier 1,0,445,114939,0
FUT Stadium Tier 1,0,445,114940,0
FUT Stadium Tier 1,0,445,114941,0
FUT Stadium Tier 1,0,445,114942,0
FUT Stadium Tier 1,0,445,114943,0
FUT Stadium Tier 1,0,445,114944,0
FUT Stadium Tier 1,0,445,114945,0
FUT Stadium Tier 1,0,445,114946,0
FUT Stadium Tier 1,0,445,114947,0
FUT Stadium Tier 1,0,445,114948,0
FUT Stadium Tier 1,0,445,114949,0
FUT Stadium Tier 1,0,445,114950,0
FUT Stadium Tier 1,0,445,114951,0
FUT Stadium Tier 1,0,445,114952,0
FUT Stadium Tier 1,0,445,114953,0
FUT Stadium Tier 1,0,445,114954,0
FUT Stadium Tier 1,0,445,114955,0
FUT Stadium Tier 1,0,445,114956,0
FUT Stadium Tier 1,0,445,114957,0
FUT Stadium Tier 1,0,445,114958,0
FUT Stadium Tier 1,0,445,114959,0
FUT Stadium Tier 1,0,445,114960,0
FUT Stadium Tier 1,0,445,114961,0
FUT Stadium Tier 1,0,445,114962,0
FUT Stadium Tier 1,0,445,114963,0
FUT Stadium Tier 1,0,445,114964,0
FUT Stadium Tier 1,0,445,114965,0
FUT Stadium Tier 1,0,445,114966,0
FUT Stadium Tier 1,0,445,114967,0
FUT Stadium Tier 1,0,445,114968,0
FUT Stadium Tier 1,0,445,114969,0
FUT Stadium Tier 1,0,445,114970,0
FUT Stadium Tier 1,0,445,114971,0
FUT Stadium Tier 1,0,445,114972,0
FUT Stadium Tier 1,0,445,114973,0
FUT Stadium Tier 1,0,445,114974,0
FUT Stadium Tier 1,0,445,114975,0
FUT Stadium Tier 1,0,445,114976,0
FUT Stadium Tier 1,0,445,114977,0
FUT Stadium Tier 1,0,445,114978,0
FUT Stadium Tier 1,0,445,114979,0
FUT Stadium Tier 1,0,445,114980,0
FUT Stadium Tier 1,0,445,114981,0
FUT Stadium Tier 1,0,445,114982,0
FUT Stadium Tier 1,0,445,114983,0
FUT Stadium Tier 1,0,445,114984,0
FUT Stadium Tier 1,0,445,114985,0
FUT Stadium Tier 1,0,445,114986,0
FUT Stadium Tier 1,0,445,114987,0
FUT Stadium Tier 1,0,445,114988,0
FUT Stadium Tier 1,0,445,114989,0
FUT Stadium Tier 1,0,445,114990,0
FUT Stadium Tier 1,0,445,114991,0
FUT Stadium Tier 1,0,445,114992,0
FUT Stadium Tier 1,0,445,114993,0
FUT Stadium Tier 1,0,445,114994,0
FUT Stadium Tier 1,0,445,114995,0
FUT Stadium Tier 1,0,445,114996,0
FUT Stadium Tier 1,0,445,114997,0
FUT Stadium Tier 1,0,445,114998,0
FUT Stadium Tier 1,0,445,114999,0
FUT Stadium Tier 1,0,445,115000,0
FUT Stadium Tier 1,0,445,115001,0
FUT Stadium Tier 1,0,445,115002,0
FUT Stadium Tier 1,0,445,115003,0
FUT Stadium Tier 1,0,445,115004,0
FUT Stadium Tier 1,0,445,115005,0
FUT Stadium Tier 1,0,445,115006,0
FUT Stadium Tier 1,0,445,115007,0
FUT Stadium Tier 1,0,445,115008,0
FUT Stadium Tier 1,0,445,115009,0
FUT Stadium Tier 1,0,445,115010,0
FUT Stadium Tier 1,0,445,115011,0
FUT Stadium Tier 1,0,445,115012,0
FUT Stadium Tier 1,0,445,115013,0
FUT Stadium Tier 1,0,445,115014,0
FUT Stadium Tier 1,0,445,115015,0
FUT Stadium Tier 1,0,445,115016,0
FUT Stadium Tier 1,0,445,115017,0
FUT Stadium Tier 1,0,445,115018,0
FUT Stadium Tier 1,0,445,115019,0
FUT Stadium Tier 1,0,445,115020,0
FUT Stadium Tier 1,0,445,115021,0
FUT Stadium Tier 1,0,445,115022,0
FUT Stadium Tier 1,0,445,115023,0
FUT Stadium Tier 1,0,445,115024,0
FUT Stadium Tier 1,0,445,115025,0
FUT Stadium Tier 1,0,445,115026,0
FUT Stadium Tier 1,0,445,115027,0
FUT Stadium Tier 1,0,445,115028,0
FUT Stadium Tier 1,0,445,115029,0
FUT Stadium Tier 1,0,445,115030,0
FUT Stadium Tier 1,0,445,115031,0
FUT Stadium Tier 1,0,445,115032,0
FUT Stadium Tier 1,0,445,115033,0
FUT Stadium Tier 1,0,445,115034,0
FUT Stadium Tier 1,0,445,115035,0
FUT Stadium Tier 1,0,445,115036,0
FUT Stadium Tier 1,0,445,115037,0
FUT Stadium Tier 1,0,445,115038,0
FUT Stadium Tier 1,0,445,115039,0
FUT Stadium Tier 1,0,445,115040,0
FUT Stadium Tier 1,0,445,115041,0
FUT Stadium Tier 1,0,445,115042,0
FUT Stadium Tier 1,0,445,115043,0
FUT Stadium Tier 1,0,445,115044,0
FUT Stadium Tier 1,0,445,115045,0
FUT Stadium Tier 1,0,445,115046,0
FUT Stadium Tier 1,0,445,115047,0
FUT Stadium Tier 1,0,445,115048,0
FUT Stadium Tier 1,0,445,115049,0
FUT Stadium Tier 1,0,445,115050,0
FUT Stadium Tier 1,0,445,115051,0
FUT Stadium Tier 1,0,445,115052,0
FUT Stadium Tier 1,0,445,115053,0
FUT Stadium Tier 1,0,445,115054,0
FUT Stadium Tier 1,0,445,115055,0
FUT Stadium Tier 1,0,445,115056,0
FUT Stadium Tier 1,0,445,115057,0
FUT Stadium Tier 1,0,445,115058,0
FUT Stadium Tier 1,0,445,115059,0
FUT Stadium Tier 1,0,445,115060,0
FUT Stadium Tier 1,0,445,115061,0
FUT Stadium Tier 1,0,445,115062,0
FUT Stadium Tier 1,0,445,115063,0
FUT Stadium Tier 1,0,445,115064,0
FUT Stadium Tier 1,0,445,115065,0
FUT Stadium Tier 1,0,445,115066,0
FUT Stadium Tier 1,0,445,115067,0
FUT Stadium Tier 1,0,445,115068,0
FUT Stadium Tier 1,0,445,115069,0
FUT Stadium Tier 1,0,445,115070,0
FUT Stadium Tier 1,0,445,115071,0
FUT Stadium Tier 1,0,445,115072,0
FUT Stadium Tier 1,0,445,115073,0
FUT Stadium Tier 1,0,445,115074,0
FUT Stadium Tier 1,0,445,115075,0
FUT Stadium Tier 1,0,445,115076,0
FUT Stadium Tier 1,0,445,115077,0
FUT Stadium Tier 1,0,445,115078,0
FUT Stadium Tier 1,0,445,115079,0
FUT Stadium Tier 1,0,445,115080,0
FUT Stadium Tier 1,0,445,115081,0
FUT Stadium Tier 1,0,445,115082,0
FUT Stadium Tier 1,0,445,115083,0
FUT Stadium Tier 1,0,445,115084,0
FUT Stadium Tier 1,0,445,115085,0
FUT Stadium Tier 1,0,445,115086,0
FUT Stadium Tier 1,0,445,115087,0
FUT Stadium Tier 1,0,445,115088,0
FUT Stadium Tier 1,0,445,115089,0
FUT Stadium Tier 1,0,445,115090,0
FUT Stadium Tier 1,0,445,115091,0
FUT Stadium Tier 1,0,445,115092,0
FUT Stadium Tier 1,0,445,115093,0
FUT Stadium Tier 1,0,445,115094,0
FUT Stadium Tier 1,0,445,115095,0
FUT Stadium Tier 1,0,445,115096,0
FUT Stadium Tier 1,0,445,115097,0
FUT Stadium Tier 1,0,445,115098,0
FUT Stadium Tier 1,0,445,115099,0
FUT Stadium Tier 1,0,445,115100,0
FUT Stadium Tier 1,0,445,115101,0
FUT Stadium Tier 1,0,445,115102,0
FUT Stadium Tier 1,0,445,115103,0
FUT Stadium Tier 1,0,445,115104,0
FUT Stadium Tier 1,0,445,115105,0
FUT Stadium Tier 1,0,445,115106,0
FUT Stadium Tier 1,0,445,115107,0
FUT Stadium Tier 1,0,445,115108,0
FUT Stadium Tier 1,0,445,115109,0
FUT Stadium Tier 1,0,445,115110,0
FUT Stadium Tier 1,0,445,115111,0
FUT Stadium Tier 1,0,445,115112,0
FUT Stadium Tier 1,0,445,115113,0
FUT Stadium Tier 1,0,445,115114,0
FUT Stadium Tier 1,0,445,115115,0
FUT Stadium Tier 1,0,445,115116,0
FUT Stadium Tier 1,0,445,115117,0
FUT Stadium Tier 1,0,445,115118,0
FUT Stadium Tier 1,0,445,115119,0
FUT Stadium Tier 1,0,445,115120,0
FUT Stadium Tier 1,0,445,115121,0
FUT Stadium Tier 1,0,445,115122,0
FUT Stadium Tier 1,0,445,115123,0
FUT Stadium Tier 1,0,445,115124,0
FUT Stadium Tier 1,0,445,115125,0
FUT Stadium Tier 1,0,445,115201,0
FUT Stadium Tier 1,0,445,115202,0
FUT Stadium Tier 1,0,445,115267,0
FUT Stadium Tier 1,0,445,115268,0
FUT Stadium Tier 1,0,445,115269,0
FUT Stadium Tier 1,0,445,115358,0
FUT Stadium Tier 1,0,445,115515,0
FUT Stadium Tier 1,0,445,115516,0
FUT Stadium Tier 1,0,445,115716,0
FUT Stadium Tier 1,0,445,115740,0
FUT Stadium Tier 1,0,445,115774,0
FUT Stadium Tier 1,0,445,115776,0
FUT Stadium Tier 1,0,445,115777,0
FUT Stadium Tier 1,0,445,115778,0
FUT Stadium Tier 1,0,445,115779,0
FUT Stadium Tier 1,0,445,115780,0
FUT Stadium Tier 1,0,445,115781,0
FUT Stadium Tier 1,0,445,115782,0
FUT Stadium Tier 1,0,445,115783,0
FUT Stadium Tier 1,0,445,115784,0
FUT Stadium Tier 1,0,445,115785,0
FUT Stadium Tier 1,0,445,115786,0
FUT Stadium Tier 1,0,445,115787,0
FUT Stadium Tier 1,0,445,115788,0
FUT Stadium Tier 1,0,445,115789,0
FUT Stadium Tier 1,0,445,115790,0
FUT Stadium Tier 1,0,445,115791,0
FUT Stadium Tier 1,0,445,115792,0
FUT Stadium Tier 1,0,445,115793,0
FUT Stadium Tier 1,0,445,115794,0
FUT Stadium Tier 1,0,445,115795,0
FUT Stadium Tier 1,0,445,115796,0
FUT Stadium Tier 1,0,445,115797,0
FUT Stadium Tier 1,0,445,115798,0
FUT Stadium Tier 1,0,445,115799,0
FUT Stadium Tier 1,0,445,115800,0
FUT Stadium Tier 1,0,445,115801,0
FUT Stadium Tier 1,0,445,115802,0
FUT Stadium Tier 1,0,445,115803,0
FUT Stadium Tier 1,0,445,115804,0
FUT Stadium Tier 1,0,445,115805,0
FUT Stadium Tier 1,0,445,115806,0
FUT Stadium Tier 1,0,445,115807,0
FUT Stadium Tier 1,0,445,115808,0
FUT Stadium Tier 1,0,445,115809,0
FUT Stadium Tier 1,0,445,115810,0
FUT Stadium Tier 1,0,445,115811,0
FUT Stadium Tier 1,0,445,115812,0
FUT Stadium Tier 1,0,445,115813,0
FUT Stadium Tier 1,0,445,115814,0
FUT Stadium Tier 1,0,445,115815,0
FUT Stadium Tier 1,0,445,115816,0
FUT Stadium Tier 1,0,445,115817,0
FUT Stadium Tier 1,0,445,115841,0
FUT Stadium Tier 1,0,445,115845,0
FUT Stadium Tier 1,0,445,115891,0
FUT Stadium Tier 1,0,445,115995,0
BayArena,0,12,115996,0
Deutsche Bank Park,0,416,115997,0
StrongHER Stadium,0,472,115998,0
PreZero Arena,0,407,115999,0
FUT Stadium Tier 1,0,445,116001,0
Europa-Park Stadion,0,447,116002,0
RheinEnergieStadion,0,423,116003,0
wohninvest Weserstadion,0,413,116004,0
FUT Stadium Tier 1,0,445,116007,0
Emirates Stadium,0,156,116009,0
Stamford Bridge,0,28,116010,0
Tottenham Hotspur Stadium,0,409,116011,0
Old Trafford,0,1,116012,0
American Express Stadium,0,340,116013,0
London Stadium,0,355,116014,0
Villa Park,0,115,116015,0
Goodison Park,0,265,116016,0
Academy Stadium,0,466,116017,0
King Power Stadium,0,335,116020,0
Red Bull Arena (Leipzig),0,420,116021,0
Groupama Stadium,0,426,116033,0
Parc des Princes,0,14,116034,0
FUT Stadium Tier 1,0,445,116035,0
FUT Stadium Tier 1,0,445,116036,0
FUT Stadium Tier 1,0,445,116037,0
FUT Stadium Tier 1,0,445,116038,0
FUT Stadium Tier 1,0,445,116039,0
FUT Stadium Tier 1,0,445,116040,0
FUT Stadium Tier 1,0,445,116042,0
FUT Stadium Tier 1,0,445,116044,0
FUT Stadium Tier 1,0,445,116057,0
FUT Stadium Tier 1,0,445,116058,0
FUT Stadium Tier 1,0,445,116059,0
FUT Stadium Tier 1,0,445,116060,0
FUT Stadium Tier 1,0,445,116061,0
FUT Stadium Tier 1,0,445,116062,0
FUT Stadium Tier 1,0,445,116063,0
FUT Stadium Tier 1,0,445,116064,0
FUT Stadium Tier 1,0,445,116065,0
FUT Stadium Tier 1,0,445,116066,0
FUT Stadium Tier 1,0,445,116067,0
FUT Stadium Tier 1,0,445,116068,0
FUT Stadium Tier 1,0,445,116069,0
FUT Stadium Tier 1,0,445,116070,0
FUT Stadium Tier 1,0,445,116071,0
FUT Stadium Tier 1,0,445,116072,0
FUT Stadium Tier 1,0,445,116073,0
FUT Stadium Tier 1,0,445,116074,0
FUT Stadium Tier 1,0,445,116075,0
FUT Stadium Tier 1,0,445,116076,0
FUT Stadium Tier 1,0,445,116077,0
FUT Stadium Tier 1,0,445,116078,0
FUT Stadium Tier 1,0,445,116079,0
FUT Stadium Tier 1,0,445,116080,0
FUT Stadium Tier 1,0,445,116081,0
FUT Stadium Tier 1,0,445,116082,0
FUT Stadium Tier 1,0,445,116083,0
FUT Stadium Tier 1,0,445,116084,0
FUT Stadium Tier 1,0,445,116085,0
FUT Stadium Tier 1,0,445,116086,0
FUT Stadium Tier 1,0,445,116087,0
FUT Stadium Tier 1,0,445,116088,0
FUT Stadium Tier 1,0,445,116089,0
FUT Stadium Tier 1,0,445,116090,0
FUT Stadium Tier 1,0,445,116091,0
FUT Stadium Tier 1,0,445,116092,0
FUT Stadium Tier 1,0,445,116093,0
FUT Stadium Tier 1,0,445,116094,0
FUT Stadium Tier 1,0,445,116095,0
FUT Stadium Tier 1,0,445,116096,0
FUT Stadium Tier 1,0,445,116097,0
FUT Stadium Tier 1,0,445,116098,0
FUT Stadium Tier 1,0,445,116099,0
FUT Stadium Tier 1,0,445,116100,0
FUT Stadium Tier 1,0,445,116101,0
FUT Stadium Tier 1,0,445,116102,0
FUT Stadium Tier 1,0,445,116103,0
FUT Stadium Tier 1,0,445,116104,0
FUT Stadium Tier 1,0,445,116105,0
FUT Stadium Tier 1,0,445,116106,0
FUT Stadium Tier 1,0,445,116107,0
FUT Stadium Tier 1,0,445,116108,0
FUT Stadium Tier 1,0,445,116109,0
FUT Stadium Tier 1,0,445,116110,0
FUT Stadium Tier 1,0,445,116111,0
FUT Stadium Tier 1,0,445,116112,0
FUT Stadium Tier 1,0,445,116113,0
FUT Stadium Tier 1,0,445,116114,0
FUT Stadium Tier 1,0,445,116115,0
FUT Stadium Tier 1,0,445,116116,0
FUT Stadium Tier 1,0,445,116117,0
FUT Stadium Tier 1,0,445,116118,0
FUT Stadium Tier 1,0,445,116119,0
FUT Stadium Tier 1,0,445,116120,0
FUT Stadium Tier 1,0,445,116121,0
FUT Stadium Tier 1,0,445,116122,0
FUT Stadium Tier 1,0,445,116123,0
FUT Stadium Tier 1,0,445,116124,0
FUT Stadium Tier 1,0,445,116125,0
FUT Stadium Tier 1,0,445,116126,0
FUT Stadium Tier 1,0,445,116127,0
FUT Stadium Tier 1,0,445,116128,0
FUT Stadium Tier 1,0,445,116129,0
FUT Stadium Tier 1,0,445,116130,0
FUT Stadium Tier 1,0,445,116131,0
FUT Stadium Tier 1,0,445,116132,0
FUT Stadium Tier 1,0,445,116133,0
FUT Stadium Tier 1,0,445,116134,0
FUT Stadium Tier 1,0,445,116135,0
FUT Stadium Tier 1,0,445,116136,0
FUT Stadium Tier 1,0,445,116137,0
FUT Stadium Tier 1,0,445,116138,0
FUT Stadium Tier 1,0,445,116139,0
FUT Stadium Tier 1,0,445,116140,0
FUT Stadium Tier 1,0,445,116141,0
FUT Stadium Tier 1,0,445,116142,0
FUT Stadium Tier 1,0,445,116143,0
FUT Stadium Tier 1,0,445,116144,0
FUT Stadium Tier 1,0,445,116145,0
FUT Stadium Tier 1,0,445,116146,0
FUT Stadium Tier 1,0,445,116147,0
FUT Stadium Tier 1,0,445,116148,0
FUT Stadium Tier 1,0,445,116149,0
FUT Stadium Tier 1,0,445,116150,0
FUT Stadium Tier 1,0,445,116151,0
FUT Stadium Tier 1,0,445,116152,0
FUT Stadium Tier 1,0,445,116153,0
FUT Stadium Tier 1,0,445,116154,0
FUT Stadium Tier 1,0,445,116155,0
FUT Stadium Tier 1,0,445,116156,0
FUT Stadium Tier 1,0,445,116157,0
FUT Stadium Tier 1,0,445,116158,0
FUT Stadium Tier 1,0,445,116159,0
FUT Stadium Tier 1,0,445,116160,0
FUT Stadium Tier 1,0,445,116161,0
FUT Stadium Tier 1,0,445,116162,0
FUT Stadium Tier 1,0,445,116163,0
FUT Stadium Tier 1,0,445,116164,0
FUT Stadium Tier 1,0,445,116165,0
FUT Stadium Tier 1,0,445,116166,0
FUT Stadium Tier 1,0,445,116167,0
FUT Stadium Tier 1,0,445,116168,0
FUT Stadium Tier 1,0,445,116169,0
FUT Stadium Tier 1,0,445,116170,0
FUT Stadium Tier 1,0,445,116171,0
FUT Stadium Tier 1,0,445,116172,0
FUT Stadium Tier 1,0,445,116173,0
FUT Stadium Tier 1,0,445,116174,0
FUT Stadium Tier 1,0,445,116175,0
FUT Stadium Tier 1,0,445,116176,0
FUT Stadium Tier 1,0,445,116177,0
FUT Stadium Tier 1,0,445,116178,0
FUT Stadium Tier 1,0,445,116179,0
FUT Stadium Tier 1,0,445,116180,0
FUT Stadium Tier 1,0,445,116181,0
FUT Stadium Tier 1,0,445,116182,0
FUT Stadium Tier 1,0,445,116183,0
FUT Stadium Tier 1,0,445,116184,0
FUT Stadium Tier 1,0,445,116185,0
FUT Stadium Tier 1,0,445,116186,0
FUT Stadium Tier 1,0,445,116187,0
FUT Stadium Tier 1,0,445,116188,0
FUT Stadium Tier 1,0,445,116189,0
FUT Stadium Tier 1,0,445,116190,0
FUT Stadium Tier 1,0,445,116191,0
FUT Stadium Tier 1,0,445,116192,0
FUT Stadium Tier 1,0,445,116193,0
FUT Stadium Tier 1,0,445,116194,0
FUT Stadium Tier 1,0,445,116195,0
FUT Stadium Tier 1,0,445,116196,0
FUT Stadium Tier 1,0,445,116197,0
FUT Stadium Tier 1,0,445,116198,0
FUT Stadium Tier 1,0,445,116199,0
FUT Stadium Tier 1,0,445,116200,0
FUT Stadium Tier 1,0,445,116201,0
FUT Stadium Tier 1,0,445,116202,0
FUT Stadium Tier 1,0,445,116203,0
FUT Stadium Tier 1,0,445,116204,0
FUT Stadium Tier 1,0,445,116205,0
FUT Stadium Tier 1,0,445,116206,0
FUT Stadium Tier 1,0,445,116207,0
FUT Stadium Tier 1,0,445,116208,0
FUT Stadium Tier 1,0,445,116209,0
FUT Stadium Tier 1,0,445,116210,0
FUT Stadium Tier 1,0,445,116211,0
FUT Stadium Tier 1,0,445,116212,0
FUT Stadium Tier 1,0,445,116213,0
FUT Stadium Tier 1,0,445,116214,0
FUT Stadium Tier 1,0,445,116215,0
FUT Stadium Tier 1,0,445,116216,0
FUT Stadium Tier 1,0,445,116217,0
FUT Stadium Tier 1,0,445,116218,0
FUT Stadium Tier 1,0,445,116219,0
FUT Stadium Tier 1,0,445,116220,0
FUT Stadium Tier 1,0,445,116221,0
FUT Stadium Tier 1,0,445,116222,0
FUT Stadium Tier 1,0,445,116223,0
FUT Stadium Tier 1,0,445,116224,0
FUT Stadium Tier 1,0,445,116225,0
FUT Stadium Tier 1,0,445,116226,0
FUT Stadium Tier 1,0,445,116227,0
FUT Stadium Tier 1,0,445,116228,0
FUT Stadium Tier 1,0,445,116229,0
FUT Stadium Tier 1,0,445,116230,0
FUT Stadium Tier 1,0,445,116231,0
FUT Stadium Tier 1,0,445,116232,0
FUT Stadium Tier 1,0,445,116233,0
FUT Stadium Tier 1,0,445,116234,0
FUT Stadium Tier 1,0,445,116235,0
FUT Stadium Tier 1,0,445,116236,0
FUT Stadium Tier 1,0,445,116237,0
FUT Stadium Tier 1,0,445,116238,0
FUT Stadium Tier 1,0,445,116239,0
FUT Stadium Tier 1,0,445,116240,0
FUT Stadium Tier 1,0,445,116241,0
FUT Stadium Tier 1,0,445,116242,0
FUT Stadium Tier 1,0,445,116243,0
FUT Stadium Tier 1,0,445,116244,0
FUT Stadium Tier 1,0,445,116245,0
FUT Stadium Tier 1,0,445,116246,0
FUT Stadium Tier 1,0,445,116247,0
FUT Stadium Tier 1,0,445,116248,0
FUT Stadium Tier 1,0,445,116249,0
FUT Stadium Tier 1,0,445,116250,0
FUT Stadium Tier 1,0,445,116251,0
FUT Stadium Tier 1,0,445,116252,0
FUT Stadium Tier 1,0,445,116253,0
FUT Stadium Tier 1,0,445,116254,0
FUT Stadium Tier 1,0,445,116255,0
FUT Stadium Tier 1,0,445,116256,0
Allianz Stadium,0,247,116280,0
FUT Stadium Tier 1,0,445,116295,0
Lumen Field,0,341,116300,0
Providence Park,0,435,116302,0
FUT Stadium Tier 1,0,445,116303,0
FUT Stadium Tier 1,0,445,116304,0
FUT Stadium Tier 1,0,445,116305,0
FUT Stadium Tier 1,0,445,116306,0
FUT Stadium Tier 1,0,445,116307,0
FUT Stadium Tier 1,0,445,116308,0
FUT Stadium Tier 1,0,445,116309,0
Red Bull Arena (New Jersey),0,430,116310,0
BMO Stadium,0,458,116311,0
FUT Stadium Tier 1,0,445,116312,0
FUT Stadium Tier 1,0,445,116322,0
FUT Stadium Tier 1,0,445,116325,0
Estadio Alfredo Di Stéfano,0,471,116326,0
Cívitas METROPOLITANO,0,364,116327,0
Estadio San Mamés,0,388,116328,0
Estadio Benito Villamarín,0,392,116330,0
Municipal de Ipurua,0,395,116331,0
FUT Stadium Tier 1,0,445,116332,0
Estadio Ciutat de València,0,396,116333,0
FUT Stadium Tier 1,0,445,116334,0
Reale Arena,0,397,116336,0
Ramón Sánchez-Pizjuán,0,389,116337,0
FUT Stadium Tier 1,0,445,116338,0
Estadio Mestalla,0,10,116339,0
Estadio de la Cerámica,0,386,116340,0
Anfield,0,13,116343,0
FUT Stadium Tier 1,0,445,116358,0
FUT Stadium Tier 1,0,445,116359,0
FUT Stadium Tier 1,0,445,116360,0
FUT Stadium Tier 1,0,445,116361,0
FUT Stadium Tier 1,0,445,116365,0
FUT Stadium Tier 1,0,445,116369,0
FUT Stadium Tier 1,0,445,116374,0
FUT Stadium Tier 1,0,445,116375,0
FUT Stadium Tier 1,0,445,116416,0
FUT Stadium Tier 1,0,445,131106,0
FUT Stadium Tier 1,0,445,131110,0
FUT Stadium Tier 1,0,445,131125,0
FUT Stadium Tier 1,0,445,131159,0
FUT Stadium Tier 1,0,445,131173,0
Decathlon Arena,0,477,131219,0
FUT Stadium Tier 1,0,445,131271,0
FUT Stadium Tier 1,0,445,131283,0
Estádio do SL Benfica,0,457,131358,0
Johan Cruijff ArenA,0,15,131359,0
FUT Stadium Tier 1,0,445,131360,0
FUT Stadium Tier 1,0,445,131361,0
FUT Stadium Tier 1,0,445,131362,0
FUT Stadium Tier 1,0,445,131363,0
Max-Morlock-Stadion,0,422,131386,0
FUT Stadium Tier 1,0,445,131389,0
Estadio Nuevo Los Cármenes,0,439,131391,0
FUT Stadium Tier 1,0,445,131447,0
